)Xz+befyܩy)jv+rk祱wƭm"vaz(!˫o^zܩz{2)zzȳy̬離$y&*'b+hy+g"))'ݩ_j&z j-v(rzbnW{|zθ׏<۞<v\~}&㽺uם4mv]ڕgm(&z~':ׯ<x͹h躽wj_~;ۯ=]yM6n4թ_j&z j-v(\~'9׽vyۍz!r"^vۯ7utM}ۭzM6׮ؠj-u.ǝjwu}^뮶~躽tj_}}ߍtMM6}5t^jb,躻u{}{뮺7͸ߩ~-~<^yM5mt٫mu{}{~ߝ۝;ߩ~-~<]t4ݹם]y񫝊_y֧_N|ݻ^9罼!q{]_wuNyM}۝{]5jb,躼{uӟ5n׎yoy\~+~uӞt_v_=MuƮv(۫n躻u{uӟ5n׎y}<\~+}f}}xӞt^mؠjn-Z[i8{}{nӝwj_}wߎNyMzmfmu{u]:xm\~O&o<]54}׮7M}ٹ,躻u{u]:xm\~O&o<]54}ׯvM|񹰁,pǝjzutm{θ7۽t,zj_}_}mx۝6o6_<nl j-u.ǝjzutm{θ7۾,zj_}_}mx۝6o6]9չ,躻u{u~u޺{Ny,zj_}_}mx۝6nv㞹ѹ,躻u{u~u޺{m,j_~|͹M5mӾѹ,pǝjzutߝ}λ4,j_~|͹M5m}yѹ,躻u{uM}=Nh"m=߭5nxMyM6m\W,prrGu<^5׭7}%{vmv]xtӎߝy_|r^mZ[i{}y޷띵(躿tٶM_zNxM~<^%z]~Z~'9ן<~_t\~Mn]}u47]|v`zmZ[i{}߽y~<fۗo{m^4߾5]|v`zmZ[i{}߽y~<fۗo{m9M7:߾_-
!j!m$_~tmv\~ɩ~-}t۞tn7ӿy]x]~\~'מ9ӭ}!q.6mv:t}w]x]~Z~'מ9ӭ}!q.6mv:t}w]x]~Z~'מ9ӭ}!q.6mv:t}w]x۫nu{}߽y~:_uj_}7{]64ۍ|]tv`z_j
'_M׾:뎹͹ߚ!q.]ٶ~79tMO=]hvjn-Z[i{}{nߝ6u穟~x4_v]덵߸h֠j-v(\~'κ׎:y{z!q.ݵmv]޹4ӏy;mw'u]
!j!m$_㎺t_5\~m[n]~5nM4]y]5jmZ[i{}߽yӮ9ۭ|ߺ!q.umv]]5NyMnwuXh֠j-v(\~'ם:㝺4Vۗouߍ}۾M7~:ouMawZ,prrGuw^tv_y\~m[n]~5nM4M]]tj_y֧_u~:9MtVۗouߍ}۾M7~;th֠j-u.wuz^{׭n(躿vնݷ_v﮴Mߎ5Өh֠j-v(\~'޹׮띹}ߪ!q.]tն^w|4n߿=Mt'u]
!j!m$_uznwm\~]5mwם:4۽OyawZ,躻u{}{玹۞5}8M[n]~|ιM6}th֠j-u.ǝjwuz^㭹v߽躽uVۗ}yߟ=|M}tth֠j-u.ǝjwuz^vvh躽uj_}yߟ=MyM6o59];jmu{}z^]z!q.]tٶ^wuM9M6}u~9+.]~Z~'7׽;_9ߝߺ!q.]uٶ}w9<M޻b,pǝjwux^ym|!q.6mw}޻Ӟ48H;j-u.ǝjwux^ym}!q.6mw}޻Ӟ48h;j-v(\~'޵nnun\~_l}ݽӝ4n6]t5ڂ櫁,躻u{u}}라Nv\,vɩ~-ߍ{]{^u}M#j_y֧_]޺v:!rȱ۟&~5u;My4.j]
,y֧_M^Ӯ;y҈\۩~-n^vntMw׽M5N&k7Z,prrGuw^}׮6u(躿uٶMןz4}7ם}]tfu]
!j!m$_}uznx_t҈\~]n]}y9M7:uN&k7Z,prrGuw^}׮6uNh躿uٶMןz4}w]ufu]~Z~'׮덹]}!q.vmw}޼M4]y]wj_y֧_}u:nx_y҈\~]n]}y9M7;wם&k7Z,prrJuy^J越t׭4^]=I֠j-v(\~'wׯz=mҺ-p8m}]5M4׽_8}yfu]
!j!m$_޹z9h(Nn_xMzM5m߮9^tjmZ[i+{}}z{޶M++
<j_5ߞMz}yuofk7Z,prrGu|^~h躽vfۗ}|8M6}t^fk7Z,躻u{}{κyۍtmn]}84ۭy]jmZ[i{}{κ9mn]}84ۭN}Mufu]~Z~'<׾y睸J!q.]ٶw:<Mmtێti؞lu{}{κyێ7h}v۾t߮6NMufu]~\~'<׾y睸ۚ!q.]ٶw:<Mmuێt_&k7Z,躻u{uӏuמ8ۮI~-}z]M4ݻͼI֝]~Z~']8^y㍻J!q.]ط}mۍ}w_7}gq^؞m~Z~']t=Mך!q{_7طmymߝ6nvvzuz|݉۫n躼{uM}ߟ;߾tx~|߮6םvߍmo6=gq^؞m
!jmut|ߞ=ߏyx~|߮6םvߍmo5}gq^؞m~Z~']ym6{(|'bߟ7덵]~tm^Yǝzޟ8]~Z~']ym6{w(ފm~&}y^~5iǝzޟ8]
{ޮ؛uz_4߽9O7hފm~&}y^~t&zuz|j-u.ǝjzuvݴ^4/z(!}<|t^5=Mfzuz|j-v(ݶk{um}n7^hފmN&}_84׍z4Y˫ۢ(\~']6^9ͽJ!q.^4߿7o5tM}ۍzM׭f.n+!mZ[i{}߽y~<|fۗo{m9M7yv׭f.n+!mZ[i{}߽y~<8fۗo{m9M7:v׭f.n+!mZ[i{}߽y~<M8fۗo{m9M7:u׭f.n+!ۢ(\~'tmx\~)v-}t۞tn7Ӿ}yhjn-Z[i{}}{߮x6߽(躽u]}{ߎ]z4}}^w+l(]
!j!m$_~x}mn]~:<M4۝}hjn-Z[i{}{nߝ6)v-:^9M4ݸny˛b-
!j!m$_u}~tovֈ\~מطx4_v^<.n+!ۢ(\~'}׽m۪!q.^zbߟwtM}ۍxunf.n+!_y֧_n:um\~mmwߝ|4nwۯ|]vhj-u.ǝjwuz^x^Nh躽vfۗ}ߎ9M6}unf.n+!ۡ.ǝjwuz^x^M躽u]}{ߎ]z4}n]+l(]~Z~'޷׽9׭z!q.]tb^^M6}=ۿuo'mu{}z~9=fۗ}yo}yM7~uo'؞lpǝjwux^߭v^躽t'bw㽵xM8;uo'mu{}z~9|fۗ}yo}yM7~um_y֧_ux_w\~n]}m4]=]7+,jx]~(~'9׽69ߝۊ!q.mwם:}w]vxj-v(Z~'9׮w9}Z!q.mwם:}wｽ]vxj-v(\~'9׮z9}!q.mwם:}w]vxj-u.ǝjwux^߭uh躿{ٶ^wxvM߾uyƧ,躼{}{nMfۗ}yo}yM7~vׯ'mZh~'u׭9}!q.mwם:}w͸Mtxj-u.rrGu{^vn(躽vfۗ}ߎM6~<tN_y֧_~:nxmڈ\~m6mw}}nxMvxj-u.ǝjwutӍ|׾uOy/,uY~-}^vm4׽~=Mtxj-u.wutӍ|㮺瞵oz/,uY~-}^vm4׽׍Mtxj-u.ǝjwutӍ|㮺uN/,uY~-}^vm4ݹ~=}}xj-v(\~'w׽;xZ!r"_5ߍۿuNvM}۝{w'ۢ(\~'w׽;x!r"_5ߍ۾M9M5m}m+,jx]
!j!m$_ݵz=}w\ȱf}zӝ_v_75Z^
-,躻u{uӿuz}6W躽vj_~:_|M5n54^렢bzǥۡ.ǝjzut|뾼㞻_{.^vط~v_y^t}J^
-,躼{u׍z|}W躽vj_~:_|M5n5ێ4җ]۫n躼{u׍z|~7W躽y'b߽m}ynv]M5Z^
-,躻u{uӿuz};W躽vj_~:_|yM5n54^렢bzǥۡ.ǝjzut|뾼㞻nv.^vط~v_y^tׯtJ^
-,躼{u׍zz}W躽vj_~:_|yM5n5yҗ]۫n躼{u׍z|~<W躽y'b߽m}ynv^5Z^
-,躻u{uӿuz};W躽vj_~:_|M5n5^렢bzǥۡ.ǝjzut|뾼㞻nv.^vط~v_y^t׿yMz֗`jny֧_O5~z].]߭w^nzM|ۍ|ם5_i)`j-v(\~'מ9}!q.6mv:t~מ{]urۢ(\~'מ9͵!q.,ط}nyMNuej.]~\~'מ9ӭ}!q.6mv:t}w]yr_y֧_~t_|\~Mn]}4]v^x\a,躻u{}߽z~<_ufۗo{m9M7;Ouej.]~(~']7^:6~h躽vfۗ}ߎ9M6}<mw\a-
!j!m$_u}~to5\~מطx4_v]h!zmZ[i+{}z޼ߝ6۾Y~-}uxߞt_vm颻]
!jmvyׯ=un\~ȱ&t^}颻]
!jmvyׯ=un\~ȱ&t^~4颻]
{ޮ؛vyׯ=uo4҈\~ȱ&t^~i]
!j!m$_5~t}!rvy~-}uM^Jޝ_j
'_u^zyn{\~}_vzv]
!j!m$_u:tn:҈\~}_|Ki]
!j!m$_uzn\~mf]9۝6o5t]8,躻u{}]|뮺瞵ۯyY~-};}uӝmv]MKi]
!j!m$_uzn\~mf獴NvMyӍ6N,ij-u.ǝjwu}_:뮹v(躽vj_~xN]tnt]מu}yƚnۢ(\~'uκy]h躽vj_~xN׭9M5n^t]8-~Z~'uκy]h躽vj_~xN׭9M5n칶mZ[i{}߽y޷Nt~n]mxM7~_6{.m,prrGuw^{~m(ߢ͛n]n4ۭNw칶mZ[i8{}}y~{n4~O6mwmߎ4n׾Mt˛jj-u.ǝjwu{^9۝!q躽tfۗ~ۮ=͸M7~nM_y֧_n㝹_t~O6mwm|ێ4o7߾Mt˛jj-u.ǝjwu{^9۝J!q躽tj_~ۮ=vMo}M5k.m,躻u{}^9}!q躽tfۗ~ۮ=n<M۟v}5k.m-~Z~'n7۝t~O&m^<Mu۟t.m,躼{}^x}J!q躽tfۗ~ۮ=n<Mn}<˛jj-u.wu{׽9n9\}.]<߭}㝴nw]5<˛jj-u.~0uz^xvm(ߢ͛n]n͸M6o|].m-~(~'޽׽9ݺJ!q躽tj_~ۮ;]u4}^_;]
!j!m$_߮x_|\~mn]}7M7yߏ5hʋZ,prrGuy^|vӍ(躿vٶNwzۏ4}w^]~\~'{ן;~㝴ך!q.ݶmwӝ޶4]<Ӿ*-j_j
'_߮}m҈\~mn]}7M7~_4[hʋZ,躼{}zuotfۗ}9Mn<Mn=2֠j-u.~0uy^w](躿vٶNwzۏ4nOu]~Z~'{׮9m<ֈ\~͛n]}78M7~4[hʋZ,躸Z[i{}z~㝼]=fۗ}}MN<M߾=2֝]~Z~'{׮9m\~]"v-}nyt~7=Oubzǥ_j!m$_vm\~]"v-}nyt8Ou]~Z~'{׮9m=\~͛n]}78M74[hʋZ,躸Z[i{}z~㝼]fۗ}}MN<Mߏ7=2֠j-u.ǝjwuy^߮8o6׍(躿|ٶ_w{ӏ4o7ݹ]z2֠j-v(Z~'9ׯ;vmz\~͛n]}78M6~<ӟ5ׯ-*-jmZ[i+{}znN(躿|ٶ_w{ӏ4owͷ]z2֠j-v(Z~'9ׯ;vm!q.&ۍ5nMvuhʋZ,prrJux^9ۭGh躿|n7x]M6o}6~-*-jmZh~'8׾랹nx҈\~׎m}u4n78mw2֠j-v(ݶk{}{n띶~躽xj_~ߟw^M6}=v~-*-jmZ[i+{}{n띶h躽xj_~ߟw^M6}=v~-*-jmZh~'8׾랹n\~׎m}u4n7]uݵߋhʋZ,prrJu|^ۮzm׊!q.^:߭׮<MMuv~-*-jm(&z~'8׾랹o{\~׎m}u4n7^z2֠j-u.ǝjwutۍ{箺=}i~-~xvm4<׮m*-i؞m~Z~']6^뮹v(躽u'bnߝM7}ӯ|׮m*-j_j!m$_M׾zyݸ׊!q.]}w;n6Mo}z2֠j-u.ǝjwutۍ{箺=ۍxi~-~xvm4۽O=^]~\~']6^뮹v(躽vj_}ߞ<ݸM6}n<_{]
!j!m$_Mo{!rȱ׽f۽^vMۍz7*-jmZ[i+{uou~zvMzv\,uY~-}}zם_v^}}2֠j-u.ǝjzut|κ5]v\,uY~-}my띴m6^zMm*-j_j
'_N9y]Wh"^nߟvמM5n5t]dzwbzǥmu{}}{׾{n'bMwmۏ4~mv%j-v(Z~'׽{y罶!q.]=_w9nt۽/Y,؞l躻u{}}{׾{n'bMwmۏ4~}oxdzx]~Z~'׽{y罶j!q.]=_w9nt۽_y/Y,_y֧_^ym\~Ofy۝6~<vK0jv'z[ny֧_^ym\~}5ߍ9Mox%j-u.ǝjwu{^yM(躽tj_}}ߍtM9M6}wdzx]
{ޮ؛ux^}߮6瞶۞(躽tj_}}ߏ9NyMuw۞Y,mZ[i{}z羸^6mh躽tj_}}ߏ9NyM}M/Y,_y֧_M86y]Z!q{]_wuNyM}ۍwtdzwbzǥۡ.ǝjwutӍ|nu۞'bMwmt}]/Y,_j
'_M8y]z!q.]=_w<4۝mmt%]~Z~']8_<筶]躽xj_~^}]x4}ox^o_j
'_N7<뽹ߊ!q.^5߿7ןy^9M6o5ߍy]7o_y֧_N7<뽹mߚ!q.^5߿7ןy^9M6o59׾/[聫,躼{uӍ:n{}8ڈ\~׍fu׎xMz^vM[聫-~Z~']8_<筷ӎh躽wj_~^{^]4׽6^oۡ.zut}|λ۞^{I~-}yz۝t^_=M}%]~Z~']=_<=v躽xj_~^}]x4}ׯ8_yoۡ.ǝjzut]|μyN=Y~-}yzӝ_v_t}%]~Z~']=_<=w]{j_~|]4ͷ^<_yo؞m~Z~']=_<=w^"^9ط]}t4nmM}%۫n躻u{uu:y}:ڈ\~׍fu׎xM}۝n